time,subj_course_id,sec_code,sec_id,prof,available,waitlist,total,enrolled_ct
1742700512186,AAS 10R,A01,807278,Butler; Elizabeth Annette,0,8,34,34
1742700512186,AAS 10R,A02,807279,Butler; Elizabeth Annette,0,9,34,34
1742700513217,AAS 170R,A00,807281,Butler; Elizabeth Annette,0,6,32,32
1742700514245,AAS 198,001,897022,Childs; Dennis R.,8,0,8,0
1742700515273,AESE 261,A00,804942,Staff,6,0,30,24
1742700516300,AESE 278D,A00,804945,Wade; Jon P,6,0,30,24
1742700517328,AESE 278E,A00,804981,Gessner; Richard K.,6,0,30,24
1742700518353,AESE 279A,A00,804985,Wade; Jon P,6,0,30,24
1742700519380,AIP 97,001,900298,Jin; Xin,9999,0,9999,0
1742700519380,AIP 97,002,904995,Brydges; Stacey,9998,0,9999,1
1742700519380,AIP 97,003,905877,Augustine; Vineet,9998,0,9999,1
1742700520410,AIP 197,001,897204,Rao; Ramesh R,30,0,30,0
1742700520410,AIP 197,002,897206,Gonzalez Gamboa; Ivonne,10,0,10,0
1742700520410,AIP 197,003,897207,Taylor-Garcia; Daphne,42,0,50,8
1742700520410,AIP 197,004,900299,Walker; Caren Michelle,0,0,0,1
1742700520410,AIP 197,005,904512,Jaroszewicz; Ania,0,0,0,1
1742700520410,AIP 197,006,904513,James; Christine K,0,0,0,0
1742700520410,AIP 197,007,905606,Ybarra; Megan,0,0,0,1
1742700520410,AIP 197,008,905607,Root; Cory Matthew,0,0,0,0
1742700520410,AIP 197,009,905609,Gladstein; Jill M,0,0,0,0
1742700520410,AIP 197,010,905635,Chapman; Eddie Nathaniel,0,0,0,0
1742700520410,AIP 197,011,905684,Jin; Xin,0,0,0,0
1742700520410,AIP 197,012,905811,Ellis; Shannon Elizabeth,0,0,0,0
1742700520410,AIP 197,013,906757,Reher; Michael Christopher,9998,0,9999,1
1742700520410,AIP 197,014,907647,Ehrich; Kristine R,9999,0,9999,0
1742700520410,AIP 197,015,907680,Mullin; Jennifer S,9999,0,9999,0
1742700520410,AIP 197,016,907726,Lindenberger; Wade Douglas,9999,0,9999,0
1742700521435,AIP 197DC,001,897208,Hill; Seth J,8,0,35,27
1742700522465,AIP 197P,001,897894,Birberick; Brittany Celest,9998,0,9999,1
1742700522465,AIP 197P,002,907668,Gladstein; Jill M,9999,0,9999,0
1742700523492,ANAR 100,A00,872378,Dunseth; Zachary Clark,0,6,20,20
1742700524519,ANAR 104,A01,803045,Shtienberg; Gilad,0,3,25,25
1742700524519,ANAR 104,A02,803066,Shtienberg; Gilad,0,1,0,0
1742700525545,ANAR 111,A00,803067,Dunseth; Zachary Clark,5,0,25,20
1742700526570,ANAR 138,A00,803079,Algaze; Guillermo,0,5,15,15
1742700527598,ANAR 155,A00,803081,Braswell; Geoffrey E.,1,0,25,24
1742700528623,ANBI 111,A00,803085,Staff,0,0,25,25
1742700529650,ANBI 116,A00,803087,Wilder; Linnea Lorene,58,0,150,92
1742700530676,ANBI 139,A00,870761,Gagneux; Pascal,0,13,145,145
1742700531705,ANBI 144,A00,803091,Wilder; Linnea Lorene,0,8,75,75
1742700532733,ANBI 149,A00,803093,Non; Amy L,16,0,20,4
1742700533758,ANBI 174,A00,803096,Strum; Shirley C.,0,1,15,15
1742700534787,ANES 296,001,866120,Suresh; Preetham John,4,0,5,1
1742700534787,ANES 296,002,866141,Staff,5,0,5,0
1742700534787,ANES 296,003,866168,Staff,5,0,5,0
1742700535812,ANSC 100,A00,803098,Bialecki; Jon Anthony,5,0,25,20
1742700535812,ANSC 100,B00,871150,Rabinowitz; Dan,14,0,20,6
1742700536841,ANSC 101,A00,803099,Sloane; Julia Kathryn,0,10,40,40
1742700537867,ANSC 117,A00,803100,Martin Sandino; Amanda Maria Yoland,0,2,20,20
1742700538893,ANSC 134,A00,803104,Petterson; John C.,4,0,25,21
1742700539920,ANSC 137,A00,803105,Stewart; Alexander B,19,0,40,21
1742700540944,ANSC 147,A00,803106,Stewart; Alexander B,0,0,40,40
1742700541970,ANSC 148,A00,803110,Schonberg; Jeffrey,22,0,46,24
1742700542995,ANSC 173,A00,803119,Brenner; Suzanne A,0,3,12,12
1742700544020,ANSC 180,A00,803121,Hankins; Joseph D.,0,6,25,25
1742700545048,ANSC 191,A00,803124,Yeh; Rihan Wen Xin,0,2,12,12
1742700546075,ANTH 2,A01,803000,Marchetto; Maria Carolina,1,0,33,32
1742700546075,ANTH 2,A02,803001,Marchetto; Maria Carolina,0,0,33,33
1742700546075,ANTH 2,A03,803005,Marchetto; Maria Carolina,0,1,33,33
1742700546075,ANTH 2,A04,803006,Marchetto; Maria Carolina,0,0,33,33
1742700546075,ANTH 2,A05,803007,Marchetto; Maria Carolina,1,0,33,32
1742700546075,ANTH 2,A06,803008,Marchetto; Maria Carolina,10,0,31,21
1742700547105,ANTH 3,A01,803012,Algaze; Guillermo,19,0,30,11
1742700547105,ANTH 3,A02,803013,Algaze; Guillermo,24,0,30,6
1742700547105,ANTH 3,A03,803015,Algaze; Guillermo,26,0,30,4
1742700547105,ANTH 3,A04,803016,Algaze; Guillermo,25,0,30,5
1742700548133,ANTH 4,A01,803020,Yeh; Rihan Wen Xin,10,0,30,20
1742700548133,ANTH 4,A02,803021,Yeh; Rihan Wen Xin,14,0,30,16
1742700548133,ANTH 4,A03,803022,Yeh; Rihan Wen Xin,13,0,22,9
1742700548133,ANTH 4,A04,803024,Yeh; Rihan Wen Xin,14,0,22,8
1742700549160,ANTH 10,A00,803025,Stewart; Alexander B,0,14,80,80
1742700550190,ANTH 21,A01,803027,Stone; Annika Britt,0,5,40,40
1742700550190,ANTH 21,A02,803030,Stone; Annika Britt,0,6,40,40
1742700550190,ANTH 21,A03,803031,Stone; Annika Britt,0,4,40,40
1742700550190,ANTH 21,A04,803032,Stone; Annika Britt,0,6,40,40
1742700551214,ANTH 23,A01,803034,Stone; Annika Britt,0,0,40,40
1742700551214,ANTH 23,A02,803036,Stone; Annika Britt,0,0,40,40
1742700551214,ANTH 23,A03,803037,Stone; Annika Britt,10,0,40,30
1742700551214,ANTH 23,A04,803038,Stone; Annika Britt,13,0,25,12
1742700552240,ANTH 87,A00,875928,Staff,12,0,20,8
1742700553266,ANTH 103,A00,803126,Hankins; Joseph D.,0,22,100,100
1742700554292,ANTH 105,A00,803130,Rabinowitz; Dan,0,5,75,75
1742700555317,ANTH 109,A00,803133,Jimenez Cano; Nayeli Guada,10,0,40,30
1742700556342,ANTH 110,A00,803135,Jimenez Cano; Nayeli Guada,0,2,20,20
1742700557368,ANTH 128B,A01,803139,Lewis; Leslie R,4,0,12,8
1742700558394,ANTH 196C,B00,904437,Varma; Saiba,0,5,0,0
1742700559421,ANTH 198,002,904442,Varma; Saiba,0,0,0,4
1742700560447,ANTH 200,A00,803150,Pedersen; David,15,0,15,0
1742700561476,ANTH 230,A00,889211,Gagneux; Pascal,16,0,20,4
1742700562504,ANTH 272,A00,803155,Gere; Catherina M.,8,0,10,2
1742700563532,ANTH 273,A00,803158,McKenzie; Kerry V.,8,0,10,2
1742700564558,ANTH 288,A00,803189,Braswell; Geoffrey E.,23,0,25,2
1742700564558,ANTH 288,B00,907473,Rivera-Collazo; Isabel C,2,0,3,1
1742700565598,ANTH 295,001,887807,Algaze; Guillermo,3,0,3,0
1742700565598,ANTH 295,002,887809,Braswell; Geoffrey E.,2,0,3,1
1742700565598,ANTH 295,003,887890,Brenner; Suzanne A,3,0,3,0
1742700565598,ANTH 295,004,887891,Csordas; Thomas J.,3,0,3,0
1742700565598,ANTH 295,005,887909,Fox; Patrick Keolu Ozer,2,0,3,1
1742700565598,ANTH 295,006,887940,Gagneux; Pascal,3,0,3,0
1742700565598,ANTH 295,007,887941,Goldstein; Paul S,3,0,3,0
1742700565598,ANTH 295,008,887942,Hankins; Joseph D.,3,0,3,0
1742700565598,ANTH 295,009,887948,Jassal; Aftab,3,0,3,0
1742700565598,ANTH 295,010,887949,Jenkins; Janis A.,3,0,3,0
1742700565598,ANTH 295,011,887950,Jimenez Cano; Nayeli Guada,3,0,3,0
1742700565598,ANTH 295,012,887951,Kaiser; Bronwyn Nicole,3,0,3,0
1742700565598,ANTH 295,013,887955,Kang; Byung Chu,3,0,3,0
1742700565598,ANTH 295,014,887957,Marchetto; Maria Carolina,3,0,3,0
1742700565598,ANTH 295,015,887960,Non; Amy L,2,0,3,1
1742700565598,ANTH 295,016,887961,Pedersen; David,2,0,3,1
1742700565598,ANTH 295,017,887962,Rivera-Collazo; Isabel C,2,0,3,1
1742700565598,ANTH 295,018,887963,Varma; Saiba,3,0,3,0
1742700565598,ANTH 295,019,887969,Yeh; Rihan Wen Xin,3,0,3,0
1742700566632,ANTH 296,001,888015,Braswell; Geoffrey E.,3,0,3,0
1742700566632,ANTH 296,002,888024,Marchetto; Maria Carolina,3,0,3,0
1742700566632,ANTH 296,003,888035,Rivera-Collazo; Isabel C,3,0,3,0
1742700566632,ANTH 296,004,888050,Varma; Saiba,0,0,3,3
1742700566632,ANTH 296,005,888055,Algaze; Guillermo,3,0,3,0
1742700566632,ANTH 296,006,888067,Brenner; Suzanne A,3,0,3,0
1742700566632,ANTH 296,007,888075,Csordas; Thomas J.,3,0,3,0
1742700566632,ANTH 296,008,888081,Fox; Patrick Keolu Ozer,2,0,3,1
1742700566632,ANTH 296,009,888084,Gagneux; Pascal,3,0,3,0
1742700566632,ANTH 296,010,888086,Goldstein; Paul S,0,0,3,3
1742700566632,ANTH 296,011,888089,Hankins; Joseph D.,2,0,3,1
1742700566632,ANTH 296,012,888093,Jassal; Aftab,3,0,3,0
1742700566632,ANTH 296,013,888095,Jenkins; Janis A.,3,0,3,0
1742700566632,ANTH 296,014,888099,Jimenez Cano; Nayeli Guada,3,0,3,0
1742700566632,ANTH 296,015,888101,Kaiser; Bronwyn Nicole,0,0,3,3
1742700566632,ANTH 296,016,888102,Kang; Byung Chu,2,0,3,1
1742700566632,ANTH 296,017,888106,Levy; Thomas E,3,0,3,0
1742700566632,ANTH 296,018,888109,Non; Amy L,2,0,3,1
1742700566632,ANTH 296,019,888111,Pedersen; David,3,0,3,0
1742700566632,ANTH 296,020,888112,Postero; Nancy Grey,2,0,3,1
1742700566632,ANTH 296,021,888116,Semendeferi; Ekaterini,3,0,3,0
1742700566632,ANTH 296,022,888118,Yeh; Rihan Wen Xin,3,0,3,0
1742700566632,ANTH 296,023,897999,Dunseth; Zachary Clark,2,0,3,1
1742700567663,ASTR 2,A01,803214,Nadler; Ethan Oliver,37,0,193,156
1742700568691,ASTR 15,A01,803221,Wright; Shelley Adams,11,0,50,39
1742700569720,ASTR 18,A01,803234,Arnold; Kam S,26,0,30,4
1742700570747,ASTR 60,A01,803300,Burgasser; Adam Jonathan,9,0,15,6
1742700570747,ASTR 60,A02,803301,Burgasser; Adam Jonathan,15,0,15,0
1742700570747,ASTR 60,A03,803302,Burgasser; Adam Jonathan,13,0,15,2
1742700570747,ASTR 60,A04,803303,Burgasser; Adam Jonathan,13,0,15,2
1742700571773,ASTR 87,A00,871154,Burgasser; Adam Jonathan,5,0,20,15
1742700572799,ASTR 103,A01,803305,Diamond; Patrick H,20,0,30,10
1742700573825,ASTR 106,A01,803307,Boggs; Steven Edward,23,0,30,7
1742700574855,ASTR 123,A01,803343,Keres; Dusan,9,0,39,30
1742700575883,ASTR 154,A01,803345,Hosseinzadeh; Griffin Alex,26,0,40,14
1742700576911,ASTR 211,A00,803346,Broekgaarden; Floor Suzan,1,0,15,14
1742700577939,ASTR 250,A00,803347,Theissen; Christopher Alexander & Hosseinzadeh; Griffin Alex,16,0,30,14
1742700578965,ASTR 251,A00,803359,Theissen; Christopher Alexander & Hosseinzadeh; Griffin Alex,18,0,30,12
1742700579991,AUD 236,A00,804989,Harris; Jeffrey Paul,1,0,5,4
1742700581021,AUD 260,A01,804994,Zettner; Erika,1,0,13,12
1742700582044,AUD 272,A00,804997,Zettner; Erika,1,0,13,12
1742700583071,AUD 275,A00,805001,Zettner; Erika,1,0,13,12
1742700584098,AUD 284,A00,805004,Zettner; Erika,1,0,13,12
1742700585125,AUD 291,A00,805008,Zettner; Erika,1,0,13,12
1742700586150,AUD 296,A00,805013,Zettner; Erika,6,0,6,0
1742700587183,AWP 3,001,802590,O'Neil; Courtney L,0,0,7,7
1742700587183,AWP 3,002,802591,O'Neil; Courtney L,0,0,7,7
1742700587183,AWP 3,003,802592,Kolodezh; Samuel,0,1,7,7
1742700587183,AWP 3,004,802593,Zimmerman; Guy,0,0,7,7
1742700587183,AWP 3,005,802594,Vaughn; Kelsey Sara,0,0,7,7
1742700587183,AWP 3,006,802595,Vaughn; Kelsey Sara,2,0,7,5
1742700587183,AWP 3,007,802597,Given; William Allan,0,0,7,7
1742700588211,AWP 4A,A00,802601,Ajo; Frances Margaret,2,0,12,10
1742700588211,AWP 4A,B00,802602,Ajo; Frances Margaret,0,0,12,12
1742700588211,AWP 4A,C00,880738,Bauer; Holly Jean,0,0,12,12
1742700589264,AWP 4B,001,802603,Steinberg; Stacy A,0,0,0,11
1742700589264,AWP 4B,002,802604,Steinberg; Stacy A,0,1,0,13
1742700589264,AWP 4B,003,802605,Gilmore; Lauren Monica,0,0,0,10
1742700589264,AWP 4B,004,802606,Gilmore; Lauren Monica,0,1,0,11
1742700589264,AWP 4B,007,802609,Bolin; Jillian,0,1,0,14
1742700589264,AWP 4B,008,802610,Bolin; Jillian,0,0,0,8
1742700589264,AWP 4B,009,802611,Zroka; Amy Liane,0,0,0,9
1742700589264,AWP 4B,010,802612,Zroka; Amy Liane,0,0,0,13
1742700589264,AWP 4B,011,802614,Christie; Veronica Ann,0,0,0,13
1742700589264,AWP 4B,012,802672,Christie; Veronica Ann,0,0,0,14
1742700589264,AWP 4B,013,802673,Jones; William Jadie,0,0,0,11
1742700589264,AWP 4B,014,802676,Jones; William Jadie,0,0,0,11
1742700589264,AWP 4B,015,802677,Heiser; Jerrod A,0,0,0,9
1742700589264,AWP 4B,016,802679,Heiser; Jerrod A,0,0,0,12
1742700589264,AWP 4B,017,802683,Bourdeau; Joseph Albert,0,0,0,12
1742700589264,AWP 4B,018,802684,Bourdeau; Joseph Albert,0,0,0,14
1742700589264,AWP 4B,019,802690,Wilson; Natalie Ann,0,0,0,13
1742700589264,AWP 4B,020,802691,Wilson; Natalie Ann,0,0,0,12
1742700589264,AWP 4B,021,802692,Stanton; Jennifer K,0,0,0,10
1742700589264,AWP 4B,022,802693,Stanton; Jennifer K,0,0,0,13
1742700589264,AWP 4B,023,802696,Riggle; Amanda L,0,0,0,11
1742700589264,AWP 4B,024,802699,Riggle; Amanda L,0,0,0,13
1742700589264,AWP 4B,025,802702,Homenick; Erik Christopher,0,1,0,11
1742700589264,AWP 4B,026,802703,Homenick; Erik Christopher,0,0,0,11
1742700589264,AWP 4B,027,802705,Ornelas Jr.; David Paul,0,0,0,11
1742700589264,AWP 4B,028,802706,Grant; Melinda G,0,0,0,13
1742700589264,AWP 4B,029,802707,Grant; Melinda G,0,0,0,14
1742700589264,AWP 4B,030,802708,Ornelas Jr.; David Paul,0,0,0,13
1742700589264,AWP 4B,031,802709,Falcon; Jennifer A,0,0,0,12
1742700589264,AWP 4B,032,802710,Falcon; Jennifer A,0,0,0,11
1742700589264,AWP 4B,033,802711,Westerfeld; Kevin John,0,0,0,10
1742700589264,AWP 4B,034,802712,Tiernan; Christa,0,0,0,13
1742700589264,AWP 4B,035,802714,Tiernan; Christa,0,0,0,13
1742700589264,AWP 4B,036,802980,Westerfeld; Kevin John,0,1,0,12
1742700589264,AWP 4B,038,802982,Gardella; Alexander Drew,0,0,0,9
1742700589264,AWP 4B,039,802983,Gardella; Alexander Drew,0,0,0,12
1742700589264,AWP 4B,040,802985,Coulter; Jane Elisabeth,0,0,0,10
1742700589264,AWP 4B,041,802986,Spicer; Jacqueline,0,0,0,12
1742700589264,AWP 4B,042,802987,Spicer; Jacqueline,0,0,0,11
1742700589264,AWP 4B,043,802989,Tsurska Svetina; Olena,0,0,0,12
1742700589264,AWP 4B,044,802990,Tsurska Svetina; Olena,0,0,0,15
1742700589264,AWP 4B,045,802991,Chandler; Bailee Daniele,0,0,0,14
1742700589264,AWP 4B,046,802993,Chandler; Bailee Daniele,0,0,0,14
1742700589264,AWP 4B,047,802994,Hall; Graham T,0,0,0,13
1742700589264,AWP 4B,048,802995,Hall; Graham T,0,0,0,12
1742700590290,AWP 10R,001,871136,Gocsik; Karen Marie,0,0,15,15
1742700591316,BENG 87,A00,886240,Sah; Robert Lie-Yuan,9,0,20,11
1742700591316,BENG 87,B00,886257,Sah; Robert Lie-Yuan,9,0,20,11
1742700592341,BENG 99,001,900722,Valdez-Jasso; Daniela,9999,0,9999,0
1742700593368,BENG 100,A01,805026,Alexandrov; Ludmil B,2,0,30,28
1742700593368,BENG 100,A02,805028,Alexandrov; Ludmil B,20,0,30,10
1742700593368,BENG 100,A03,805030,Alexandrov; Ludmil B,15,0,30,15
1742700593368,BENG 100,A04,805031,Alexandrov; Ludmil B,0,0,30,30
1742700594394,BENG 102,A00,805032,Chapelin; Fanny,22,0,56,34
1742700595421,BENG 103B,A00,805039,Fraley; Stephanie I.,56,0,120,64
1742700596450,BENG 112B,A01,805055,Shi; Lingyan,2,0,23,21
1742700596450,BENG 112B,A02,805056,Shi; Lingyan,14,0,23,9
1742700597477,BENG 125,A01,805058,Hasty; Jeff M,0,2,32,33
1742700597477,BENG 125,A02,805059,Hasty; Jeff M,0,0,32,32
1742700597477,BENG 125,A03,805060,Hasty; Jeff M,18,0,32,14
1742700597477,BENG 125,A04,805102,Hasty; Jeff M,26,0,32,6
1742700597477,BENG 125,A05,805109,Hasty; Jeff M,0,2,32,32
1742700598506,BENG 130,A00,805118,Kravets; Vira V.,25,0,40,15
1742700599533,BENG 134,A01,805171,Smarr; Benjamin,10,0,40,30
1742700600631,BENG 140B,A01,805175,Cabrales; Pedro,5,0,30,25
1742700600631,BENG 140B,A02,805176,Cabrales; Pedro,21,0,30,9
1742700600631,BENG 140B,A03,805177,Cabrales; Pedro,0,1,30,31
1742700601658,BENG 160,A50,805180,Aguado; Brian Alberto,3,0,25,22
1742700601658,BENG 160,A51,805181,Aguado; Brian Alberto,10,0,25,15
1742700601658,BENG 160,A52,805182,Aguado; Brian Alberto,19,0,25,6
1742700602684,BENG 168,A01,805184,Khojah; Reem I,14,0,30,16
1742700603714,BENG 172,A50,805187,Cabrales; Pedro & Sah; Robert Lie-Yuan,3,0,20,17
1742700603714,BENG 172,A51,805188,Cabrales; Pedro & Sah; Robert Lie-Yuan,6,0,20,14
1742700604741,BENG 182,A01,805190,Bafna; Vineet,10,0,35,25
1742700605767,BENG 186A,A01,805192,Kwon; Ester Jihae,0,0,34,34
1742700605767,BENG 186A,A02,805193,Kwon; Ester Jihae,4,0,33,29
1742700605767,BENG 186A,A04,805195,Kwon; Ester Jihae,2,0,33,31
1742700606800,BENG 186B,A01,805230,Aran; Kiana,32,0,40,8
1742700607825,BENG 187A,A00,805231,Taylor Amos; Alyssa C,67,0,170,103
1742700608850,BENG 187D,A00,805243,Taylor Amos; Alyssa C,0,0,60,60
1742700608850,BENG 187D,B00,805249,Taylor Amos; Alyssa C,26,0,60,34
1742700608850,BENG 187D,C00,805286,Taylor Amos; Alyssa C,10,0,60,50
1742700609880,BENG 190,A00,872568,Khojah; Reem I,0,11,40,40
1742700610906,BENG 193,A00,805288,Engler; Adam J.,0,0,0,15
1742700611932,BENG 196,A00,803380,Engler; Adam J.,9994,0,9999,5
1742700612958,BENG 197,A00,803381,Engler; Adam J.,9998,0,9999,1
1742700613982,BENG 203,A00,805307,Bafna; Vineet & Zhong; Sheng,2,0,20,18
1742700615011,BENG 207,A00,805308,Kwon; Ester Jihae,0,9,40,40
1742700615011,BENG 207,B00,805309,Taylor Amos; Alyssa C,0,11,0,31
1742700615011,BENG 207,C00,805310,Spang; Martin Thomas,0,6,40,40
1742700616041,BENG 209,A00,805311,Scholtes Acevedo; Claire,20,0,30,10
1742700617069,BENG 213,B00,900255,Palsson; Bernhard O.,1,0,20,19
1742700618096,BENG 224,A00,805313,Prado; Gustavo Rotelli,0,15,20,31
1742700620152,BENG 227,A00,805316,